"timeMillisSpent","score"
472,"-83hard/-6253soft"
488,"-42hard/-6303soft"
641,"-38hard/-110419soft"
3458,"-38hard/-102755soft"
3459,"-38hard/-102751soft"
3459,"-38hard/-102566soft"
3461,"-37hard/-105931soft"
3461,"-37hard/-105930soft"
3461,"-37hard/-105873soft"
3639,"-37hard/-81637soft"
3640,"-37hard/-81636soft"
3640,"-37hard/-81545soft"
3746,"-37hard/-81324soft"
3747,"-37hard/-80806soft"
3747,"-37hard/-80805soft"
3764,"-36hard/-98654soft"
3834,"-35hard/-99419soft"
3834,"-35hard/-99278soft"
3835,"-34hard/-99280soft"
3835,"-34hard/-99098soft"
3836,"-34hard/-99092soft"
3836,"-34hard/-99091soft"
3933,"-34hard/-89131soft"
3933,"-33hard/-89222soft"
3934,"-33hard/-89172soft"
3948,"-32hard/-109144soft"
4025,"-28hard/-131102soft"
4879,"-28hard/-111957soft"
4879,"-28hard/-111770soft"
4880,"-28hard/-110791soft"
5072,"-28hard/-106607soft"
5090,"-27hard/-116320soft"
5091,"-26hard/-116201soft"
5149,"-24hard/-106320soft"
5864,"-23hard/-111464soft"
5969,"-22hard/-106667soft"
5981,"-22hard/-98551soft"
5981,"-21hard/-98626soft"
5983,"-21hard/-97118soft"
6329,"-20hard/-95735soft"
6330,"-20hard/-95266soft"
6331,"-20hard/-90828soft"
6331,"-20hard/-90672soft"
6430,"-19hard/-98656soft"
6431,"-19hard/-98606soft"
6431,"-19hard/-98588soft"
6431,"-19hard/-98547soft"
6431,"-19hard/-98209soft"
6435,"-18hard/-100106soft"
6436,"-18hard/-100065soft"
6436,"-18hard/-99604soft"
6916,"-17hard/-100106soft"
6917,"-17hard/-100018soft"
6917,"-17hard/-99986soft"
7389,"-17hard/-75984soft"
7389,"-17hard/-75983soft"
7389,"-17hard/-75957soft"
7589,"-15hard/-90078soft"
7591,"-13hard/-90058soft"
7591,"-13hard/-88741soft"
8624,"-12hard/-87532soft"
9180,"-11hard/-123000soft"
9303,"-11hard/-120560soft"
9303,"-11hard/-119905soft"
9532,"-11hard/-114215soft"
9533,"-11hard/-114203soft"
9533,"-11hard/-114118soft"
9533,"-11hard/-114107soft"
9534,"-11hard/-114035soft"
9534,"-11hard/-113985soft"
9534,"-11hard/-112762soft"
9536,"-11hard/-112365soft"
9536,"-11hard/-112364soft"
9630,"-10hard/-81471soft"
9720,"-9hard/-76577soft"
10287,"-8hard/-125481soft"
10287,"-8hard/-125446soft"
10288,"-8hard/-125233soft"
10539,"-8hard/-82552soft"
10712,"-7hard/-102412soft"
10712,"-7hard/-102369soft"
10713,"-7hard/-102368soft"
10713,"-7hard/-102299soft"
10713,"-7hard/-102264soft"
10746,"-7hard/-89729soft"
10751,"-7hard/-89620soft"
10988,"-7hard/-86134soft"
10989,"-7hard/-86131soft"
10990,"-7hard/-85522soft"
10990,"-7hard/-83170soft"
10991,"-7hard/-82565soft"
10991,"-7hard/-82261soft"
11134,"-7hard/-78960soft"
11134,"-7hard/-78927soft"
11138,"-7hard/-78347soft"
11138,"-7hard/-78218soft"
11138,"-7hard/-78168soft"
11175,"-6hard/-97720soft"
11175,"-6hard/-97585soft"
11175,"-6hard/-96508soft"
11176,"-5hard/-97476soft"
11176,"-5hard/-97453soft"
11177,"-5hard/-96689soft"
11398,"-5hard/-96219soft"
11399,"-5hard/-95663soft"
11399,"-5hard/-95523soft"
11399,"-5hard/-95472soft"
11400,"-5hard/-95470soft"
11401,"-5hard/-93991soft"
11419,"-5hard/-90574soft"
11433,"-4hard/-105853soft"
11434,"-4hard/-104527soft"
11545,"-4hard/-81068soft"
11545,"-4hard/-81067soft"
11810,"-4hard/-75076soft"
11899,"-3hard/-83977soft"
12179,"-2hard/-113583soft"
12291,"-2hard/-107425soft"
12291,"-2hard/-106147soft"
12303,"-2hard/-102169soft"
12304,"-2hard/-102149soft"
12655,"-2hard/-96080soft"
12656,"-2hard/-95974soft"
12656,"-2hard/-95904soft"
12842,"-2hard/-76452soft"
12978,"-2hard/-59120soft"
13291,"-2hard/-53706soft"
13291,"-2hard/-53701soft"
13292,"-2hard/-53635soft"
13292,"-2hard/-53621soft"
13529,"-1hard/-107368soft"
13559,"-1hard/-85631soft"
13560,"-1hard/-84954soft"
13560,"-1hard/-83799soft"
13561,"-1hard/-83772soft"
13673,"-1hard/-78569soft"
13715,"-1hard/-77836soft"
13774,"-1hard/-76368soft"
13774,"-1hard/-76322soft"
13775,"-1hard/-76250soft"
13775,"-1hard/-76203soft"
13788,"0hard/-88723soft"
13788,"0hard/-88687soft"
13789,"0hard/-88281soft"
14056,"0hard/-87878soft"
14057,"0hard/-86061soft"
14923,"0hard/-83734soft"
15130,"0hard/-82915soft"
15130,"0hard/-82830soft"
15131,"0hard/-82770soft"
15131,"0hard/-82667soft"
15133,"0hard/-81112soft"
15133,"0hard/-81062soft"
15163,"0hard/-77130soft"
15241,"0hard/-76531soft"
15242,"0hard/-75820soft"
15242,"0hard/-75769soft"
15243,"0hard/-75766soft"
15243,"0hard/-75712soft"
15243,"0hard/-75678soft"
15244,"0hard/-75626soft"
15333,"0hard/-71946soft"
15334,"0hard/-71833soft"
15438,"0hard/-71770soft"
15438,"0hard/-71744soft"
15439,"0hard/-71699soft"
15523,"0hard/-67600soft"
15862,"0hard/-67392soft"
15863,"0hard/-66657soft"
15943,"0hard/-66642soft"
15943,"0hard/-66532soft"
15944,"0hard/-66184soft"
15944,"0hard/-66172soft"
15993,"0hard/-66035soft"
16048,"0hard/-65763soft"
16053,"0hard/-65631soft"
16103,"0hard/-62324soft"
16104,"0hard/-62275soft"
16106,"0hard/-62211soft"
16106,"0hard/-61807soft"
16340,"0hard/-61280soft"
16340,"0hard/-61264soft"
16584,"0hard/-60946soft"
16627,"0hard/-60801soft"
16627,"0hard/-60702soft"
16655,"0hard/-60676soft"
16655,"0hard/-60672soft"
16656,"0hard/-60590soft"
16717,"0hard/-60407soft"
16717,"0hard/-60403soft"
16718,"0hard/-60330soft"
16718,"0hard/-60280soft"
16719,"0hard/-59594soft"
16725,"0hard/-58664soft"
16726,"0hard/-58403soft"
16726,"0hard/-58397soft"
16817,"0hard/-58258soft"
16818,"0hard/-57957soft"
16818,"0hard/-57909soft"
16857,"0hard/-57876soft"
16859,"0hard/-56883soft"
16860,"0hard/-56782soft"
16861,"0hard/-56732soft"
16861,"0hard/-56416soft"
16862,"0hard/-56239soft"
16862,"0hard/-56237soft"
16863,"0hard/-56201soft"
16863,"0hard/-56150soft"
16863,"0hard/-56098soft"
16864,"0hard/-56054soft"
16864,"0hard/-56052soft"
16864,"0hard/-56016soft"
16865,"0hard/-55990soft"
16865,"0hard/-55935soft"
16866,"0hard/-55898soft"
16969,"0hard/-55347soft"
17059,"0hard/-55294soft"
17158,"0hard/-54777soft"
17158,"0hard/-54632soft"
17159,"0hard/-54570soft"
17159,"0hard/-54406soft"
17159,"0hard/-54358soft"
17160,"0hard/-54333soft"
17162,"0hard/-53879soft"
17163,"0hard/-53830soft"
17163,"0hard/-53791soft"
17273,"0hard/-53539soft"
17273,"0hard/-53424soft"
17274,"0hard/-52059soft"
17275,"0hard/-51893soft"
17385,"0hard/-50559soft"
17703,"0hard/-50531soft"
17704,"0hard/-50380soft"
17770,"0hard/-50303soft"
17770,"0hard/-50278soft"
17770,"0hard/-49328soft"
17771,"0hard/-49319soft"
17771,"0hard/-49315soft"
17772,"0hard/-49110soft"
17898,"0hard/-48427soft"
18246,"0hard/-47840soft"
18291,"0hard/-47777soft"
18291,"0hard/-47776soft"
18291,"0hard/-47766soft"
18293,"0hard/-47697soft"
18293,"0hard/-47683soft"
18332,"0hard/-47455soft"
18343,"0hard/-47386soft"
18399,"0hard/-47371soft"
18404,"0hard/-47351soft"
18450,"0hard/-42557soft"
19316,"0hard/-42452soft"
19846,"0hard/-42450soft"
19847,"0hard/-42415soft"
19847,"0hard/-42407soft"
19848,"0hard/-42391soft"
19849,"0hard/-42263soft"
19850,"0hard/-41852soft"
20177,"0hard/-41699soft"
20371,"0hard/-41696soft"
20371,"0hard/-41692soft"
20398,"0hard/-41645soft"
20398,"0hard/-41559soft"
20401,"0hard/-41409soft"
20401,"0hard/-41379soft"
20402,"0hard/-41223soft"
20422,"0hard/-41183soft"
20560,"0hard/-41021soft"
20560,"0hard/-40268soft"
20561,"0hard/-40213soft"
20562,"0hard/-40110soft"
20816,"0hard/-39624soft"
20816,"0hard/-39618soft"
20874,"0hard/-39366soft"
20874,"0hard/-39205soft"
21110,"0hard/-39103soft"
21111,"0hard/-39102soft"
21166,"0hard/-39047soft"
21166,"0hard/-39015soft"
21167,"0hard/-38040soft"
21431,"0hard/-37404soft"
21432,"0hard/-37354soft"
21779,"0hard/-37277soft"
21780,"0hard/-37228soft"
21781,"0hard/-37207soft"
21782,"0hard/-37198soft"
21782,"0hard/-37150soft"
21782,"0hard/-37100soft"
21979,"0hard/-37040soft"
21980,"0hard/-36878soft"
21980,"0hard/-36828soft"
21981,"0hard/-36798soft"
21981,"0hard/-36743soft"
21982,"0hard/-36742soft"
21983,"0hard/-36730soft"
22042,"0hard/-36538soft"
22210,"0hard/-36198soft"
22211,"0hard/-36160soft"
22303,"0hard/-35798soft"
22303,"0hard/-35667soft"
22303,"0hard/-35662soft"
22412,"0hard/-35439soft"
22413,"0hard/-35425soft"
22414,"0hard/-35375soft"
22615,"0hard/-34896soft"
22616,"0hard/-34895soft"
22801,"0hard/-34798soft"
22801,"0hard/-34749soft"
22884,"0hard/-34359soft"
23028,"0hard/-34062soft"
23029,"0hard/-34012soft"
23029,"0hard/-33835soft"
23029,"0hard/-33778soft"
23484,"0hard/-33050soft"
23711,"0hard/-32581soft"
24065,"0hard/-32451soft"
24066,"0hard/-32388soft"
24191,"0hard/-32364soft"
24191,"0hard/-32314soft"
24192,"0hard/-32285soft"
24196,"0hard/-32269soft"
24197,"0hard/-32244soft"
24202,"0hard/-32215soft"
24202,"0hard/-32129soft"
24203,"0hard/-32077soft"
24203,"0hard/-32025soft"
24203,"0hard/-32009soft"
24272,"0hard/-31394soft"
24272,"0hard/-31349soft"
24754,"0hard/-31343soft"
24811,"0hard/-31304soft"
24883,"0hard/-31297soft"
24884,"0hard/-31296soft"
24994,"0hard/-31192soft"
24995,"0hard/-31159soft"
24995,"0hard/-31109soft"
24995,"0hard/-30937soft"
24996,"0hard/-30934soft"
25371,"0hard/-30915soft"
25372,"0hard/-30880soft"
25372,"0hard/-30779soft"
25373,"0hard/-30684soft"
25483,"0hard/-30666soft"
25483,"0hard/-30592soft"
25558,"0hard/-30397soft"
25713,"0hard/-30260soft"
25714,"0hard/-30179soft"
25804,"0hard/-29763soft"
25805,"0hard/-29605soft"
25805,"0hard/-29539soft"
26377,"0hard/-29432soft"
26377,"0hard/-29381soft"
26377,"0hard/-29366soft"
26493,"0hard/-29292soft"
26494,"0hard/-29276soft"
26609,"0hard/-29184soft"
26609,"0hard/-29128soft"
26610,"0hard/-29035soft"
26950,"0hard/-28945soft"
26951,"0hard/-28931soft"
26956,"0hard/-28917soft"
26956,"0hard/-28912soft"
26957,"0hard/-28900soft"
26958,"0hard/-28800soft"
26958,"0hard/-28697soft"
27061,"0hard/-28684soft"
27061,"0hard/-28663soft"
27188,"0hard/-28634soft"
27189,"0hard/-28556soft"
27304,"0hard/-28484soft"
27304,"0hard/-28434soft"
27305,"0hard/-28304soft"
27522,"0hard/-27975soft"
27522,"0hard/-27973soft"
27522,"0hard/-27921soft"
27522,"0hard/-27846soft"
27522,"0hard/-27839soft"
27524,"0hard/-27837soft"
27524,"0hard/-27662soft"
27632,"0hard/-27620soft"
27732,"0hard/-27596soft"
27848,"0hard/-27545soft"
28091,"0hard/-27374soft"
28092,"0hard/-27369soft"
28093,"0hard/-27338soft"
28209,"0hard/-27292soft"
28210,"0hard/-27271soft"
28472,"0hard/-27264soft"
28472,"0hard/-27164soft"
28472,"0hard/-27105soft"
28704,"0hard/-27096soft"
28706,"0hard/-27072soft"
28706,"0hard/-27050soft"
28706,"0hard/-26997soft"
28707,"0hard/-26935soft"
28814,"0hard/-26931soft"
28815,"0hard/-26914soft"
28816,"0hard/-26833soft"
29046,"0hard/-26714soft"
29046,"0hard/-26580soft"
29047,"0hard/-26564soft"
29254,"0hard/-26412soft"
29368,"0hard/-26396soft"
29368,"0hard/-26314soft"
29369,"0hard/-26313soft"
29369,"0hard/-26310soft"
29479,"0hard/-26303soft"
29480,"0hard/-26276soft"
29687,"0hard/-26229soft"
29687,"0hard/-26207soft"
29688,"0hard/-26204soft"
29688,"0hard/-26203soft"
29823,"0hard/-26162soft"
29823,"0hard/-26160soft"
29823,"0hard/-26110soft"
29824,"0hard/-26059soft"
29824,"0hard/-26034soft"
29824,"0hard/-25963soft"
29824,"0hard/-25960soft"
29925,"0hard/-25646soft"
30164,"0hard/-25586soft"
30165,"0hard/-25452soft"
30517,"0hard/-25281soft"
31148,"0hard/-25251soft"
31149,"0hard/-25217soft"
31266,"0hard/-25197soft"
31266,"0hard/-25192soft"
31267,"0hard/-25187soft"
31382,"0hard/-25120soft"
31502,"0hard/-24898soft"
31536,"0hard/-24357soft"
31537,"0hard/-24300soft"
32602,"0hard/-24149soft"
32848,"0hard/-23967soft"
32848,"0hard/-23919soft"
33350,"0hard/-23899soft"
33390,"0hard/-23853soft"
33390,"0hard/-23748soft"
33390,"0hard/-23700soft"
33390,"0hard/-23690soft"
33735,"0hard/-23662soft"
33735,"0hard/-23647soft"
33736,"0hard/-23609soft"
34009,"0hard/-23565soft"
34158,"0hard/-23553soft"
34158,"0hard/-23543soft"
34280,"0hard/-23529soft"
34300,"0hard/-23509soft"
34300,"0hard/-23459soft"
34303,"0hard/-23416soft"
34421,"0hard/-23373soft"
34460,"0hard/-23370soft"
34472,"0hard/-23369soft"
34485,"0hard/-23342soft"
34486,"0hard/-23292soft"
34579,"0hard/-23290soft"
34579,"0hard/-23228soft"
34580,"0hard/-23168soft"
34581,"0hard/-23159soft"
34700,"0hard/-23152soft"
34700,"0hard/-23149soft"
34824,"0hard/-23094soft"
34956,"0hard/-23069soft"
34979,"0hard/-23064soft"
35060,"0hard/-23057soft"
35097,"0hard/-23034soft"
35097,"0hard/-22984soft"
35098,"0hard/-22981soft"
35099,"0hard/-22884soft"
35099,"0hard/-22874soft"
35101,"0hard/-22782soft"
35101,"0hard/-22779soft"
35355,"0hard/-22776soft"
35464,"0hard/-22647soft"
35711,"0hard/-22620soft"
35825,"0hard/-22582soft"
35945,"0hard/-22556soft"
36059,"0hard/-22518soft"
36177,"0hard/-22436soft"
36178,"0hard/-22319soft"
36469,"0hard/-22211soft"
36606,"0hard/-22130soft"
36606,"0hard/-22120soft"
36611,"0hard/-21799soft"
37232,"0hard/-21795soft"
37447,"0hard/-21765soft"
37459,"0hard/-21733soft"
37459,"0hard/-21709soft"
37747,"0hard/-21693soft"
37850,"0hard/-21690soft"
37850,"0hard/-21687soft"
37851,"0hard/-21679soft"
37866,"0hard/-21617soft"
37867,"0hard/-21608soft"
37986,"0hard/-21599soft"
37998,"0hard/-21564soft"
38087,"0hard/-21535soft"
38098,"0hard/-21515soft"
38116,"0hard/-21437soft"
38227,"0hard/-21354soft"
38250,"0hard/-21316soft"
38250,"0hard/-21291soft"
38250,"0hard/-21286soft"
38486,"0hard/-21204soft"
38626,"0hard/-21194soft"
38757,"0hard/-21137soft"
38767,"0hard/-21118soft"
38767,"0hard/-21093soft"
38767,"0hard/-21078soft"
39039,"0hard/-21068soft"
39039,"0hard/-21058soft"
39040,"0hard/-21020soft"
39040,"0hard/-21018soft"
39040,"0hard/-20968soft"
39162,"0hard/-20919soft"
39162,"0hard/-20890soft"
39162,"0hard/-20863soft"
39289,"0hard/-20690soft"
39547,"0hard/-20676soft"
39548,"0hard/-20628soft"
39548,"0hard/-20582soft"
39686,"0hard/-20561soft"
39687,"0hard/-20558soft"
39687,"0hard/-20550soft"
39688,"0hard/-20517soft"
39824,"0hard/-20468soft"
39825,"0hard/-20455soft"
39825,"0hard/-20451soft"
40093,"0hard/-20417soft"
40372,"0hard/-20386soft"
40399,"0hard/-20363soft"
40538,"0hard/-20328soft"
40538,"0hard/-20293soft"
40711,"0hard/-20266soft"
40712,"0hard/-20168soft"
40855,"0hard/-20089soft"
41127,"0hard/-20085soft"
41254,"0hard/-19984soft"
41255,"0hard/-19933soft"
41517,"0hard/-19914soft"
41676,"0hard/-19912soft"
41676,"0hard/-19908soft"
41813,"0hard/-19887soft"
41935,"0hard/-19742soft"
41936,"0hard/-19741soft"
41946,"0hard/-19703soft"
41946,"0hard/-19699soft"
41947,"0hard/-19624soft"
42350,"0hard/-19589soft"
42607,"0hard/-19576soft"
42608,"0hard/-19538soft"
42610,"0hard/-19443soft"
43045,"0hard/-19419soft"
43046,"0hard/-19379soft"
43048,"0hard/-19377soft"
43050,"0hard/-19354soft"
43050,"0hard/-19311soft"
43051,"0hard/-19298soft"
43052,"0hard/-19293soft"
43328,"0hard/-19223soft"
43461,"0hard/-19185soft"
43837,"0hard/-19132soft"
43838,"0hard/-19099soft"
44085,"0hard/-19098soft"
44085,"0hard/-19048soft"
44115,"0hard/-19036soft"
44116,"0hard/-19023soft"
44269,"0hard/-18932soft"
44422,"0hard/-18861soft"
44422,"0hard/-18853soft"
44423,"0hard/-18850soft"
44527,"0hard/-18780soft"
44841,"0hard/-18768soft"
44970,"0hard/-18759soft"
44997,"0hard/-18752soft"
45106,"0hard/-18750soft"
45107,"0hard/-18746soft"
45108,"0hard/-18728soft"
45109,"0hard/-18407soft"
45110,"0hard/-18393soft"
45110,"0hard/-18279soft"
46247,"0hard/-18237soft"
46532,"0hard/-18185soft"
46534,"0hard/-18148soft"
46534,"0hard/-18029soft"
46534,"0hard/-18028soft"
46815,"0hard/-18020soft"
46816,"0hard/-18007soft"
46963,"0hard/-17968soft"
46963,"0hard/-17918soft"
47267,"0hard/-17916soft"
47267,"0hard/-17915soft"
47268,"0hard/-17914soft"
47268,"0hard/-17912soft"
47402,"0hard/-17873soft"
47648,"0hard/-17844soft"
47649,"0hard/-17795soft"
47649,"0hard/-17790soft"
47799,"0hard/-17787soft"
47953,"0hard/-17756soft"
47953,"0hard/-17748soft"
48108,"0hard/-17643soft"
48145,"0hard/-17638soft"
48146,"0hard/-17624soft"
48147,"0hard/-17596soft"
48277,"0hard/-17587soft"
48693,"0hard/-17584soft"
48694,"0hard/-17583soft"
48813,"0hard/-17568soft"
48837,"0hard/-17567soft"
48837,"0hard/-17557soft"
48982,"0hard/-17556soft"
49027,"0hard/-17530soft"
49156,"0hard/-17511soft"
49274,"0hard/-17263soft"
49978,"0hard/-17205soft"
49979,"0hard/-17150soft"
50556,"0hard/-17144soft"
50559,"0hard/-17085soft"
50702,"0hard/-17082soft"
50702,"0hard/-17080soft"
50859,"0hard/-17052soft"
51003,"0hard/-17051soft"
51003,"0hard/-17013soft"
51004,"0hard/-16980soft"
51311,"0hard/-16972soft"
51312,"0hard/-16944soft"
51312,"0hard/-16887soft"
51461,"0hard/-16812soft"
51461,"0hard/-16760soft"
51871,"0hard/-16753soft"
51872,"0hard/-16752soft"
52162,"0hard/-16750soft"
52207,"0hard/-16707soft"
52330,"0hard/-16702soft"
52491,"0hard/-16700soft"
52521,"0hard/-16693soft"
52521,"0hard/-16665soft"
52633,"0hard/-16642soft"
52633,"0hard/-16600soft"
52633,"0hard/-16559soft"
52638,"0hard/-16527soft"
52639,"0hard/-16526soft"
52959,"0hard/-16514soft"
52966,"0hard/-16504soft"
52966,"0hard/-16465soft"
53101,"0hard/-16415soft"
53190,"0hard/-16413soft"
53396,"0hard/-16408soft"
53397,"0hard/-16407soft"
53401,"0hard/-16397soft"
53402,"0hard/-16395soft"
53402,"0hard/-16372soft"
53556,"0hard/-16356soft"
53696,"0hard/-16336soft"
53696,"0hard/-16330soft"
53711,"0hard/-16315soft"
53997,"0hard/-16314soft"
54000,"0hard/-16285soft"
54004,"0hard/-16271soft"
54005,"0hard/-16270soft"
54142,"0hard/-16257soft"
54151,"0hard/-16256soft"
54296,"0hard/-16226soft"
54303,"0hard/-16175soft"
54384,"0hard/-16174soft"
54557,"0hard/-16160soft"
54558,"0hard/-16112soft"
54559,"0hard/-16080soft"
54691,"0hard/-16079soft"
54746,"0hard/-16072soft"
54763,"0hard/-16069soft"
54891,"0hard/-16036soft"
54892,"0hard/-15986soft"
54892,"0hard/-15985soft"
55155,"0hard/-15960soft"
55414,"0hard/-15954soft"
55414,"0hard/-15951soft"
55415,"0hard/-15924soft"
55433,"0hard/-15916soft"
55433,"0hard/-15862soft"
55433,"0hard/-15861soft"
55434,"0hard/-15819soft"
55434,"0hard/-15811soft"
55693,"0hard/-15809soft"
55909,"0hard/-15795soft"
56171,"0hard/-15753soft"
56206,"0hard/-15691soft"
56359,"0hard/-15655soft"
56537,"0hard/-15582soft"
56537,"0hard/-15579soft"
56539,"0hard/-15529soft"
57315,"0hard/-15512soft"
57462,"0hard/-15511soft"
57610,"0hard/-15445soft"
57947,"0hard/-15438soft"
57948,"0hard/-15436soft"
58207,"0hard/-15424soft"
58245,"0hard/-15412soft"
58246,"0hard/-15373soft"
58365,"0hard/-15362soft"
58391,"0hard/-15353soft"
58392,"0hard/-15284soft"
58392,"0hard/-15274soft"
58662,"0hard/-15250soft"
58848,"0hard/-15246soft"
58849,"0hard/-15227soft"
58849,"0hard/-15194soft"
59331,"0hard/-15113soft"
59332,"0hard/-15102soft"
59351,"0hard/-15066soft"
59676,"0hard/-15036soft"
59916,"0hard/-14894soft"
59917,"0hard/-14881soft"
59917,"0hard/-14822soft"
60066,"0hard/-14791soft"
60066,"0hard/-14775soft"
60217,"0hard/-14773soft"
60218,"0hard/-14770soft"
60740,"0hard/-14764soft"
61338,"0hard/-14664soft"
61680,"0hard/-14649soft"
61680,"0hard/-14598soft"
61840,"0hard/-14570soft"
61840,"0hard/-14569soft"
62801,"0hard/-14561soft"
62930,"0hard/-14534soft"
62931,"0hard/-14522soft"
63074,"0hard/-14476soft"
63097,"0hard/-14471soft"
63415,"0hard/-14468soft"
63425,"0hard/-14459soft"
63571,"0hard/-14432soft"
63585,"0hard/-14374soft"
63723,"0hard/-14364soft"
63741,"0hard/-14357soft"
63745,"0hard/-14331soft"
63745,"0hard/-14327soft"
63745,"0hard/-14326soft"
63872,"0hard/-14278soft"
64042,"0hard/-14276soft"
64209,"0hard/-14229soft"
64211,"0hard/-14198soft"
64391,"0hard/-14197soft"
64536,"0hard/-14171soft"
64631,"0hard/-14169soft"
64676,"0hard/-14137soft"
64679,"0hard/-14102soft"
64679,"0hard/-14001soft"
64847,"0hard/-13967soft"
65008,"0hard/-13889soft"
66044,"0hard/-13885soft"
66046,"0hard/-13842soft"
66191,"0hard/-13841soft"
66191,"0hard/-13840soft"
66474,"0hard/-13792soft"
66627,"0hard/-13782soft"
66774,"0hard/-13730soft"
67066,"0hard/-13706soft"
67167,"0hard/-13705soft"
67167,"0hard/-13700soft"
67168,"0hard/-13686soft"
67182,"0hard/-13680soft"
67183,"0hard/-13643soft"
67366,"0hard/-13640soft"
67634,"0hard/-13621soft"
67784,"0hard/-13599soft"
67805,"0hard/-13534soft"
68239,"0hard/-13527soft"
68390,"0hard/-13473soft"
68736,"0hard/-13446soft"
68737,"0hard/-13445soft"
68896,"0hard/-13407soft"
69228,"0hard/-13393soft"
69229,"0hard/-13378soft"
69230,"0hard/-13335soft"
69230,"0hard/-13333soft"
69231,"0hard/-13310soft"
69394,"0hard/-13309soft"
69394,"0hard/-13301soft"
69546,"0hard/-13229soft"
69989,"0hard/-13226soft"
69990,"0hard/-13224soft"
70182,"0hard/-13220soft"
70281,"0hard/-13206soft"
70282,"0hard/-13149soft"
70282,"0hard/-13148soft"
70803,"0hard/-13118soft"
70932,"0hard/-13097soft"
71092,"0hard/-13079soft"
71420,"0hard/-13054soft"
71420,"0hard/-13053soft"
71464,"0hard/-13009soft"
71723,"0hard/-13001soft"
71773,"0hard/-12984soft"
71778,"0hard/-12983soft"
71879,"0hard/-12941soft"
72030,"0hard/-12898soft"
72516,"0hard/-12892soft"
72518,"0hard/-12891soft"
72519,"0hard/-12889soft"
72665,"0hard/-12878soft"
72666,"0hard/-12844soft"
72981,"0hard/-12782soft"
73130,"0hard/-12746soft"
73206,"0hard/-12734soft"
73388,"0hard/-12717soft"
73751,"0hard/-12662soft"
73751,"0hard/-12629soft"
74125,"0hard/-12620soft"
74127,"0hard/-12601soft"
74442,"0hard/-12576soft"
74442,"0hard/-12566soft"
74443,"0hard/-12549soft"
74590,"0hard/-12540soft"
74590,"0hard/-12499soft"
75037,"0hard/-12495soft"
75065,"0hard/-12484soft"
75175,"0hard/-12448soft"
75282,"0hard/-12434soft"
75677,"0hard/-12424soft"
75677,"0hard/-12422soft"
76000,"0hard/-12353soft"
76694,"0hard/-12322soft"
76702,"0hard/-12319soft"
76708,"0hard/-12312soft"
76844,"0hard/-12305soft"
76845,"0hard/-12298soft"
77012,"0hard/-12297soft"
77013,"0hard/-12258soft"
77017,"0hard/-12253soft"
77173,"0hard/-12247soft"
77178,"0hard/-12228soft"
77337,"0hard/-12205soft"
77498,"0hard/-12190soft"
77499,"0hard/-12187soft"
77522,"0hard/-12118soft"
78041,"0hard/-12087soft"
78283,"0hard/-12081soft"
78283,"0hard/-12036soft"
78407,"0hard/-11967soft"
78628,"0hard/-11954soft"
79233,"0hard/-11950soft"
79442,"0hard/-11934soft"
79565,"0hard/-11901soft"
79566,"0hard/-11899soft"
79743,"0hard/-11887soft"
80258,"0hard/-11872soft"
80259,"0hard/-11863soft"
80378,"0hard/-11825soft"
80378,"0hard/-11780soft"
80745,"0hard/-11751soft"
81075,"0hard/-11681soft"
81542,"0hard/-11673soft"
81703,"0hard/-11672soft"
81709,"0hard/-11656soft"
81710,"0hard/-11650soft"
81710,"0hard/-11630soft"
81710,"0hard/-11623soft"
81866,"0hard/-11603soft"
81973,"0hard/-11601soft"
82532,"0hard/-11593soft"
82532,"0hard/-11591soft"
82534,"0hard/-11585soft"
82534,"0hard/-11582soft"
82534,"0hard/-11580soft"
82817,"0hard/-11577soft"
82819,"0hard/-11540soft"
82914,"0hard/-11526soft"
82914,"0hard/-11524soft"
83150,"0hard/-11518soft"
83150,"0hard/-11402soft"
83151,"0hard/-11401soft"
83844,"0hard/-11376soft"
83845,"0hard/-11374soft"
83845,"0hard/-11314soft"
83846,"0hard/-11304soft"
84569,"0hard/-11256soft"
85084,"0hard/-11250soft"
85084,"0hard/-11200soft"
85253,"0hard/-11180soft"
85253,"0hard/-11178soft"
85360,"0hard/-11171soft"
85360,"0hard/-11127soft"
85736,"0hard/-11042soft"
86958,"0hard/-11009soft"
86971,"0hard/-10982soft"
87119,"0hard/-10975soft"
87619,"0hard/-10933soft"
87620,"0hard/-10930soft"
87960,"0hard/-10921soft"
87977,"0hard/-10918soft"
87977,"0hard/-10870soft"
88686,"0hard/-10869soft"
88838,"0hard/-10863soft"
88838,"0hard/-10849soft"
89020,"0hard/-10845soft"
89021,"0hard/-10838soft"
89021,"0hard/-10833soft"
89027,"0hard/-10794soft"
89375,"0hard/-10752soft"
89376,"0hard/-10743soft"
89627,"0hard/-10717soft"
90130,"0hard/-10673soft"
90515,"0hard/-10645soft"
90515,"0hard/-10611soft"
90515,"0hard/-10608soft"
90516,"0hard/-10607soft"
90891,"0hard/-10601soft"
90891,"0hard/-10592soft"
91051,"0hard/-10578soft"
91160,"0hard/-10576soft"
91335,"0hard/-10544soft"
91336,"0hard/-10462soft"
91929,"0hard/-10450soft"
92075,"0hard/-10425soft"
92076,"0hard/-10413soft"
92076,"0hard/-10371soft"
92231,"0hard/-10366soft"
92756,"0hard/-10357soft"
92757,"0hard/-10354soft"
92946,"0hard/-10294soft"
93740,"0hard/-10256soft"
93941,"0hard/-10236soft"
94174,"0hard/-10155soft"
94915,"0hard/-10143soft"
95650,"0hard/-10133soft"
95992,"0hard/-10101soft"
96281,"0hard/-10073soft"
96369,"0hard/-10050soft"
96369,"0hard/-10037soft"
96578,"0hard/-10033soft"
96880,"0hard/-9961soft"
97570,"0hard/-9914soft"
98265,"0hard/-9900soft"
98442,"0hard/-9876soft"
98617,"0hard/-9873soft"
98912,"0hard/-9863soft"
98959,"0hard/-9808soft"
99432,"0hard/-9776soft"
99432,"0hard/-9731soft"
99873,"0hard/-9727soft"
100019,"0hard/-9724soft"
100306,"0hard/-9707soft"
100350,"0hard/-9696soft"
100555,"0hard/-9679soft"
100555,"0hard/-9667soft"
100740,"0hard/-9666soft"
100759,"0hard/-9632soft"
101082,"0hard/-9623soft"
101245,"0hard/-9620soft"
101245,"0hard/-9618soft"
101245,"0hard/-9610soft"
101247,"0hard/-9607soft"
101249,"0hard/-9583soft"
101618,"0hard/-9555soft"
101619,"0hard/-9513soft"
101995,"0hard/-9480soft"
102170,"0hard/-9477soft"
102493,"0hard/-9461soft"
102493,"0hard/-9459soft"
102667,"0hard/-9457soft"
102669,"0hard/-9446soft"
103244,"0hard/-9419soft"
103548,"0hard/-9362soft"
104272,"0hard/-9342soft"
104445,"0hard/-9303soft"
104446,"0hard/-9288soft"
104645,"0hard/-9282soft"
105555,"0hard/-9279soft"
105558,"0hard/-9251soft"
105559,"0hard/-9240soft"
105560,"0hard/-9235soft"
105729,"0hard/-9226soft"
105847,"0hard/-9208soft"
106294,"0hard/-9206soft"
106445,"0hard/-9197soft"
106660,"0hard/-9172soft"
106673,"0hard/-9166soft"
106836,"0hard/-9153soft"
107548,"0hard/-9148soft"
107557,"0hard/-9143soft"
107558,"0hard/-9135soft"
107562,"0hard/-9108soft"
107721,"0hard/-9106soft"
107860,"0hard/-9082soft"
107860,"0hard/-9051soft"
108458,"0hard/-9038soft"
108604,"0hard/-9016soft"
108604,"0hard/-8974soft"
108813,"0hard/-8946soft"
108813,"0hard/-8902soft"
109902,"0hard/-8894soft"
110054,"0hard/-8888soft"
110447,"0hard/-8881soft"
110450,"0hard/-8865soft"
110634,"0hard/-8864soft"
110635,"0hard/-8859soft"
110636,"0hard/-8850soft"
110839,"0hard/-8835soft"
110839,"0hard/-8833soft"
110839,"0hard/-8821soft"
111027,"0hard/-8781soft"
111385,"0hard/-8773soft"
111563,"0hard/-8737soft"
111744,"0hard/-8715soft"
111744,"0hard/-8712soft"
111745,"0hard/-8704soft"
111749,"0hard/-8702soft"
112672,"0hard/-8677soft"
113249,"0hard/-8672soft"
113436,"0hard/-8623soft"
113616,"0hard/-8612soft"
114739,"0hard/-8601soft"
114757,"0hard/-8596soft"
114901,"0hard/-8577soft"
114902,"0hard/-8567soft"
114903,"0hard/-8564soft"
115157,"0hard/-8535soft"
115158,"0hard/-8532soft"
115716,"0hard/-8502soft"
115904,"0hard/-8499soft"
116097,"0hard/-8473soft"
116291,"0hard/-8471soft"
116833,"0hard/-8452soft"
116833,"0hard/-8421soft"
116840,"0hard/-8408soft"
116840,"0hard/-8369soft"
117352,"0hard/-8361soft"
117352,"0hard/-8360soft"
117718,"0hard/-8359soft"
118092,"0hard/-8350soft"
118092,"0hard/-8337soft"
118498,"0hard/-8334soft"
118499,"0hard/-8333soft"
118670,"0hard/-8329soft"
118676,"0hard/-8328soft"
118687,"0hard/-8326soft"
118688,"0hard/-8324soft"
118689,"0hard/-8290soft"
118889,"0hard/-8263soft"
118900,"0hard/-8260soft"
119071,"0hard/-8258soft"
119072,"0hard/-8209soft"
119247,"0hard/-8205soft"
119248,"0hard/-8176soft"
120801,"0hard/-8147soft"
120801,"0hard/-8138soft"
120980,"0hard/-8122soft"
121556,"0hard/-8109soft"
121951,"0hard/-8096soft"
122127,"0hard/-8055soft"
122720,"0hard/-8012soft"
123285,"0hard/-8005soft"
124267,"0hard/-7987soft"
124267,"0hard/-7985soft"
124268,"0hard/-7984soft"
124453,"0hard/-7966soft"
124990,"0hard/-7933soft"
125040,"0hard/-7917soft"
125360,"0hard/-7892soft"
125746,"0hard/-7860soft"
126154,"0hard/-7839soft"
126481,"0hard/-7829soft"
126507,"0hard/-7798soft"
126507,"0hard/-7796soft"
127105,"0hard/-7781soft"
127106,"0hard/-7756soft"
128159,"0hard/-7705soft"
128159,"0hard/-7703soft"
128585,"0hard/-7681soft"
128585,"0hard/-7680soft"
128979,"0hard/-7676soft"
129188,"0hard/-7666soft"
129189,"0hard/-7657soft"
129908,"0hard/-7633soft"
129962,"0hard/-7625soft"
130371,"0hard/-7592soft"
130907,"0hard/-7559soft"
131654,"0hard/-7549soft"
131655,"0hard/-7543soft"
131655,"0hard/-7495soft"
132328,"0hard/-7488soft"
132329,"0hard/-7487soft"
132342,"0hard/-7482soft"
132342,"0hard/-7476soft"
132342,"0hard/-7474soft"
132504,"0hard/-7469soft"
132516,"0hard/-7463soft"
132686,"0hard/-7457soft"
132689,"0hard/-7452soft"
132886,"0hard/-7436soft"
132886,"0hard/-7434soft"
132886,"0hard/-7427soft"
132887,"0hard/-7426soft"
133086,"0hard/-7420soft"
133087,"0hard/-7408soft"
133088,"0hard/-7401soft"
133090,"0hard/-7391soft"
133654,"0hard/-7377soft"
133655,"0hard/-7364soft"
134021,"0hard/-7351soft"
134211,"0hard/-7323soft"
134212,"0hard/-7312soft"
134932,"0hard/-7309soft"
134933,"0hard/-7307soft"
135310,"0hard/-7303soft"
135728,"0hard/-7297soft"
135729,"0hard/-7295soft"
135729,"0hard/-7281soft"
135729,"0hard/-7280soft"
136094,"0hard/-7275soft"
136095,"0hard/-7242soft"
136276,"0hard/-7219soft"
136279,"0hard/-7201soft"
136664,"0hard/-7195soft"
137218,"0hard/-7187soft"
137348,"0hard/-7153soft"
137536,"0hard/-7140soft"
137905,"0hard/-7126soft"
137906,"0hard/-7125soft"
138551,"0hard/-7117soft"
138712,"0hard/-7114soft"
138870,"0hard/-7108soft"
139117,"0hard/-7096soft"
139118,"0hard/-7064soft"
139467,"0hard/-7046soft"
139862,"0hard/-7040soft"
140522,"0hard/-7036soft"
140522,"0hard/-7035soft"
140678,"0hard/-7028soft"
140916,"0hard/-7013soft"
141245,"0hard/-7006soft"
141245,"0hard/-6982soft"
141246,"0hard/-6955soft"
142032,"0hard/-6950soft"
142177,"0hard/-6934soft"
142178,"0hard/-6932soft"
142195,"0hard/-6904soft"
143269,"0hard/-6875soft"
143296,"0hard/-6871soft"
143296,"0hard/-6869soft"
143296,"0hard/-6868soft"
143296,"0hard/-6867soft"
143296,"0hard/-6860soft"
143297,"0hard/-6859soft"
143298,"0hard/-6854soft"
143302,"0hard/-6823soft"
143860,"0hard/-6817soft"
143860,"0hard/-6785soft"
143862,"0hard/-6782soft"
145630,"0hard/-6780soft"
145631,"0hard/-6771soft"
145869,"0hard/-6766soft"
146063,"0hard/-6765soft"
146064,"0hard/-6763soft"
146064,"0hard/-6762soft"
146436,"0hard/-6755soft"
146758,"0hard/-6747soft"
146759,"0hard/-6743soft"
146785,"0hard/-6742soft"
146979,"0hard/-6740soft"
147192,"0hard/-6739soft"
147194,"0hard/-6735soft"
147194,"0hard/-6700soft"
147219,"0hard/-6680soft"
147566,"0hard/-6676soft"
148314,"0hard/-6663soft"
148314,"0hard/-6613soft"
149693,"0hard/-6606soft"
149722,"0hard/-6598soft"
149734,"0hard/-6596soft"
149735,"0hard/-6590soft"
150352,"0hard/-6587soft"
150353,"0hard/-6581soft"
150353,"0hard/-6536soft"
150556,"0hard/-6535soft"
150961,"0hard/-6489soft"
151725,"0hard/-6455soft"
152752,"0hard/-6442soft"
152780,"0hard/-6426soft"
153345,"0hard/-6402soft"
153346,"0hard/-6401soft"
153355,"0hard/-6380soft"
153766,"0hard/-6370soft"
154411,"0hard/-6347soft"
155216,"0hard/-6328soft"
155590,"0hard/-6316soft"
156015,"0hard/-6293soft"
156438,"0hard/-6276soft"
156839,"0hard/-6273soft"
156839,"0hard/-6272soft"
156846,"0hard/-6264soft"
157022,"0hard/-6259soft"
157022,"0hard/-6258soft"
157023,"0hard/-6248soft"
157213,"0hard/-6234soft"
157826,"0hard/-6232soft"
158204,"0hard/-6228soft"
158209,"0hard/-6223soft"
158347,"0hard/-6210soft"
158382,"0hard/-6174soft"
159046,"0hard/-6158soft"
159223,"0hard/-6143soft"
159778,"0hard/-6136soft"
159989,"0hard/-6130soft"
160121,"0hard/-6127soft"
160121,"0hard/-6126soft"
160122,"0hard/-6123soft"
160179,"0hard/-6120soft"
160181,"0hard/-6117soft"
160181,"0hard/-6109soft"
160517,"0hard/-6108soft"
160743,"0hard/-6091soft"
160743,"0hard/-6088soft"
161198,"0hard/-6085soft"
161203,"0hard/-6046soft"
161639,"0hard/-6044soft"
161832,"0hard/-6040soft"
161832,"0hard/-6039soft"
161833,"0hard/-6035soft"
162178,"0hard/-6025soft"
162179,"0hard/-6024soft"
162458,"0hard/-6015soft"
162458,"0hard/-6014soft"
162458,"0hard/-6013soft"
162461,"0hard/-6009soft"
162463,"0hard/-6003soft"
162874,"0hard/-5988soft"
163021,"0hard/-5973soft"
163070,"0hard/-5971soft"
163632,"0hard/-5968soft"
163673,"0hard/-5938soft"
163674,"0hard/-5935soft"
164289,"0hard/-5927soft"
164494,"0hard/-5908soft"
165103,"0hard/-5906soft"
165103,"0hard/-5866soft"
166409,"0hard/-5853soft"
167058,"0hard/-5839soft"
167711,"0hard/-5835soft"
167894,"0hard/-5784soft"
167957,"0hard/-5778soft"
168142,"0hard/-5771soft"
169787,"0hard/-5756soft"
169813,"0hard/-5735soft"
170639,"0hard/-5729soft"
170639,"0hard/-5687soft"
171446,"0hard/-5682soft"
171908,"0hard/-5674soft"
171908,"0hard/-5669soft"
172081,"0hard/-5664soft"
172298,"0hard/-5647soft"
173398,"0hard/-5642soft"
173399,"0hard/-5606soft"
174280,"0hard/-5603soft"
174476,"0hard/-5592soft"
174481,"0hard/-5589soft"
174487,"0hard/-5581soft"
174674,"0hard/-5577soft"
174675,"0hard/-5575soft"
174689,"0hard/-5565soft"
174920,"0hard/-5564soft"
174920,"0hard/-5552soft"
174921,"0hard/-5551soft"
175139,"0hard/-5542soft"
175351,"0hard/-5534soft"
176366,"0hard/-5526soft"
176375,"0hard/-5519soft"
176791,"0hard/-5514soft"
176996,"0hard/-5504soft"
177191,"0hard/-5494soft"
177192,"0hard/-5493soft"
177392,"0hard/-5476soft"
177393,"0hard/-5475soft"
178029,"0hard/-5444soft"
178029,"0hard/-5443soft"
178031,"0hard/-5437soft"
178031,"0hard/-5434soft"
178239,"0hard/-5433soft"
178240,"0hard/-5432soft"
179111,"0hard/-5429soft"
179557,"0hard/-5421soft"
179764,"0hard/-5395soft"
179770,"0hard/-5387soft"
180397,"0hard/-5380soft"
180835,"0hard/-5356soft"
180836,"0hard/-5343soft"
181261,"0hard/-5342soft"
181473,"0hard/-5341soft"
181474,"0hard/-5337soft"
181475,"0hard/-5335soft"
181934,"0hard/-5331soft"
181935,"0hard/-5328soft"
182128,"0hard/-5327soft"
182572,"0hard/-5320soft"
182768,"0hard/-5319soft"
182795,"0hard/-5308soft"
182996,"0hard/-5300soft"
183934,"0hard/-5288soft"
184156,"0hard/-5283soft"
184829,"0hard/-5256soft"
185504,"0hard/-5254soft"
185729,"0hard/-5232soft"
187343,"0hard/-5224soft"
187789,"0hard/-5214soft"
187977,"0hard/-5211soft"
188451,"0hard/-5200soft"
188453,"0hard/-5199soft"
188915,"0hard/-5173soft"
189573,"0hard/-5163soft"
190302,"0hard/-5162soft"
190682,"0hard/-5116soft"
191354,"0hard/-5102soft"
192706,"0hard/-5097soft"
192707,"0hard/-5093soft"
193625,"0hard/-5090soft"
193626,"0hard/-5088soft"
193806,"0hard/-5084soft"
194032,"0hard/-5065soft"
194685,"0hard/-5064soft"
194686,"0hard/-5057soft"
194686,"0hard/-5029soft"
195966,"0hard/-5010soft"
196417,"0hard/-5008soft"
196532,"0hard/-5007soft"
196532,"0hard/-5002soft"
196658,"0hard/-4979soft"
196659,"0hard/-4971soft"
197316,"0hard/-4970soft"
197638,"0hard/-4961soft"
198245,"0hard/-4949soft"
198982,"0hard/-4939soft"
199583,"0hard/-4925soft"
199974,"0hard/-4921soft"
200191,"0hard/-4919soft"
200429,"0hard/-4918soft"
200838,"0hard/-4885soft"
200838,"0hard/-4883soft"
201494,"0hard/-4878soft"
201494,"0hard/-4875soft"
202029,"0hard/-4867soft"
202468,"0hard/-4853soft"
202468,"0hard/-4851soft"
202930,"0hard/-4850soft"
202931,"0hard/-4825soft"
202935,"0hard/-4822soft"
202935,"0hard/-4810soft"
202935,"0hard/-4806soft"
204062,"0hard/-4777soft"
205145,"0hard/-4754soft"
206276,"0hard/-4737soft"
206703,"0hard/-4729soft"
206940,"0hard/-4724soft"
206966,"0hard/-4720soft"
206966,"0hard/-4719soft"
207669,"0hard/-4712soft"
208508,"0hard/-4711soft"
208509,"0hard/-4707soft"
208764,"0hard/-4698soft"
208765,"0hard/-4694soft"
209512,"0hard/-4680soft"
209927,"0hard/-4672soft"
209927,"0hard/-4671soft"
209929,"0hard/-4670soft"
210260,"0hard/-4668soft"
210265,"0hard/-4658soft"
210266,"0hard/-4643soft"
210281,"0hard/-4613soft"
210281,"0hard/-4609soft"
212927,"0hard/-4598soft"
212928,"0hard/-4590soft"
213270,"0hard/-4582soft"
213286,"0hard/-4580soft"
214320,"0hard/-4577soft"
214321,"0hard/-4576soft"
214334,"0hard/-4575soft"
214728,"0hard/-4574soft"
215004,"0hard/-4572soft"
215461,"0hard/-4566soft"
215461,"0hard/-4565soft"
215802,"0hard/-4563soft"
215954,"0hard/-4556soft"
216174,"0hard/-4553soft"
216717,"0hard/-4551soft"
217142,"0hard/-4549soft"
217161,"0hard/-4546soft"
217390,"0hard/-4545soft"
217437,"0hard/-4538soft"
217438,"0hard/-4537soft"
217438,"0hard/-4536soft"
217585,"0hard/-4530soft"
217585,"0hard/-4529soft"
218021,"0hard/-4525soft"
218022,"0hard/-4517soft"
218045,"0hard/-4505soft"
218959,"0hard/-4503soft"
218965,"0hard/-4502soft"
219189,"0hard/-4501soft"
219190,"0hard/-4500soft"
219261,"0hard/-4497soft"
219262,"0hard/-4495soft"
219736,"0hard/-4492soft"
220218,"0hard/-4490soft"
220283,"0hard/-4485soft"
220284,"0hard/-4483soft"
220503,"0hard/-4480soft"
220503,"0hard/-4475soft"
221324,"0hard/-4466soft"
221325,"0hard/-4439soft"
221325,"0hard/-4436soft"
222665,"0hard/-4428soft"
222666,"0hard/-4424soft"
222694,"0hard/-4414soft"
222752,"0hard/-4410soft"
224712,"0hard/-4407soft"
225208,"0hard/-4406soft"
225209,"0hard/-4400soft"
225429,"0hard/-4399soft"
225429,"0hard/-4398soft"
225432,"0hard/-4396soft"
225433,"0hard/-4393soft"
225795,"0hard/-4392soft"
225881,"0hard/-4390soft"
225912,"0hard/-4389soft"
226045,"0hard/-4388soft"
226138,"0hard/-4384soft"
226602,"0hard/-4368soft"
226602,"0hard/-4366soft"
227058,"0hard/-4365soft"
227660,"0hard/-4360soft"
227716,"0hard/-4356soft"
228123,"0hard/-4347soft"
228896,"0hard/-4346soft"
228896,"0hard/-4342soft"
228924,"0hard/-4341soft"
229031,"0hard/-4339soft"
229146,"0hard/-4338soft"
229146,"0hard/-4337soft"
229147,"0hard/-4336soft"
229309,"0hard/-4313soft"
229492,"0hard/-4294soft"
231484,"0hard/-4285soft"
231484,"0hard/-4284soft"
232526,"0hard/-4283soft"
233278,"0hard/-4279soft"
233280,"0hard/-4278soft"
233525,"0hard/-4265soft"
233525,"0hard/-4264soft"
234200,"0hard/-4259soft"
234489,"0hard/-4257soft"
234651,"0hard/-4248soft"
235135,"0hard/-4224soft"
237364,"0hard/-4223soft"
237393,"0hard/-4219soft"
238397,"0hard/-4212soft"
239576,"0hard/-4208soft"
239772,"0hard/-4203soft"
239773,"0hard/-4193soft"
239774,"0hard/-4192soft"
239775,"0hard/-4189soft"
240001,"0hard/-4187soft"
240002,"0hard/-4185soft"
240512,"0hard/-4180soft"
241467,"0hard/-4175soft"
241468,"0hard/-4174soft"
241471,"0hard/-4173soft"
241747,"0hard/-4170soft"
242480,"0hard/-4164soft"
242742,"0hard/-4163soft"
242803,"0hard/-4161soft"
242996,"0hard/-4160soft"
242999,"0hard/-4159soft"
242999,"0hard/-4158soft"
243227,"0hard/-4154soft"
243728,"0hard/-4150soft"
243729,"0hard/-4149soft"
243729,"0hard/-4148soft"
244228,"0hard/-4147soft"
244230,"0hard/-4146soft"
244495,"0hard/-4127soft"
244497,"0hard/-4125soft"
245205,"0hard/-4120soft"
245206,"0hard/-4119soft"
245206,"0hard/-4116soft"
246164,"0hard/-4109soft"
246835,"0hard/-4107soft"
246835,"0hard/-4105soft"
246888,"0hard/-4102soft"
246888,"0hard/-4101soft"
247578,"0hard/-4092soft"
248311,"0hard/-4090soft"
248312,"0hard/-4088soft"
248986,"0hard/-4069soft"
250502,"0hard/-4067soft"
251001,"0hard/-4066soft"
251002,"0hard/-4065soft"
251210,"0hard/-4062soft"
251508,"0hard/-4058soft"
251728,"0hard/-4043soft"
251728,"0hard/-4042soft"
252938,"0hard/-4039soft"
252939,"0hard/-4038soft"
253976,"0hard/-4036soft"
253976,"0hard/-4035soft"
254181,"0hard/-4029soft"
254210,"0hard/-4028soft"
254996,"0hard/-4027soft"
254998,"0hard/-4026soft"
254998,"0hard/-4025soft"
255482,"0hard/-4023soft"
255492,"0hard/-4019soft"
255764,"0hard/-4014soft"
255766,"0hard/-4013soft"
255964,"0hard/-4010soft"
256262,"0hard/-4006soft"
256778,"0hard/-4000soft"
257292,"0hard/-3999soft"
257293,"0hard/-3998soft"
257294,"0hard/-3995soft"
258962,"0hard/-3993soft"
259503,"0hard/-3991soft"
259619,"0hard/-3988soft"
260030,"0hard/-3985soft"
260032,"0hard/-3981soft"
260545,"0hard/-3976soft"
261331,"0hard/-3972soft"
261331,"0hard/-3971soft"
261573,"0hard/-3969soft"
261811,"0hard/-3968soft"
262141,"0hard/-3966soft"
262357,"0hard/-3962soft"
262582,"0hard/-3960soft"
262584,"0hard/-3958soft"
262855,"0hard/-3957soft"
262875,"0hard/-3955soft"
262875,"0hard/-3954soft"
263378,"0hard/-3951soft"
263378,"0hard/-3944soft"
263622,"0hard/-3943soft"
265677,"0hard/-3937soft"
266456,"0hard/-3931soft"
267246,"0hard/-3930soft"
267249,"0hard/-3929soft"
267249,"0hard/-3928soft"
267250,"0hard/-3922soft"
267251,"0hard/-3920soft"
267252,"0hard/-3916soft"
269542,"0hard/-3915soft"
269550,"0hard/-3913soft"
269551,"0hard/-3912soft"
269798,"0hard/-3901soft"
271696,"0hard/-3900soft"
271698,"0hard/-3899soft"
272464,"0hard/-3896soft"
273520,"0hard/-3894soft"
273809,"0hard/-3893soft"
274065,"0hard/-3891soft"
274587,"0hard/-3889soft"
274589,"0hard/-3888soft"
274686,"0hard/-3887soft"
275466,"0hard/-3886soft"
275634,"0hard/-3879soft"
276846,"0hard/-3878soft"
276886,"0hard/-3876soft"
277614,"0hard/-3875soft"
278227,"0hard/-3873soft"
278385,"0hard/-3870soft"
278558,"0hard/-3864soft"
278844,"0hard/-3861soft"
280411,"0hard/-3860soft"
280439,"0hard/-3857soft"
280635,"0hard/-3856soft"
280793,"0hard/-3855soft"
281030,"0hard/-3852soft"
281433,"0hard/-3851soft"
282214,"0hard/-3846soft"
282252,"0hard/-3841soft"
283565,"0hard/-3839soft"
284139,"0hard/-3838soft"
284429,"0hard/-3835soft"
284679,"0hard/-3832soft"
284681,"0hard/-3831soft"
284712,"0hard/-3828soft"
286223,"0hard/-3810soft"
288658,"0hard/-3805soft"
289479,"0hard/-3804soft"
289981,"0hard/-3800soft"
290217,"0hard/-3799soft"
290219,"0hard/-3798soft"
290221,"0hard/-3797soft"
290489,"0hard/-3793soft"
290576,"0hard/-3791soft"
291370,"0hard/-3785soft"
292443,"0hard/-3781soft"
294339,"0hard/-3779soft"
294614,"0hard/-3778soft"
295243,"0hard/-3777soft"
295730,"0hard/-3776soft"
295904,"0hard/-3775soft"
295905,"0hard/-3772soft"
295949,"0hard/-3771soft"
296220,"0hard/-3769soft"
296796,"0hard/-3768soft"
296797,"0hard/-3763soft"
297124,"0hard/-3762soft"
298077,"0hard/-3761soft"
298078,"0hard/-3759soft"
298078,"0hard/-3757soft"
298298,"0hard/-3755soft"
